index,searched_keyword,site_domain,result_title,result_date,result_url
1,"""digital security by design""",.uk,Digital Security by Design,29 Oct 2020,https://www.cyberuk.uk/2024/l/t?u=CA6x7rSb8vIiV2kF6yKOdiIptAe0tObdkiNu5gD8tPVCHrR0AFlujtmAuSRW361QfAHSQA1dXXMs3syOuYGCTTkaapkAolRLC44yhY3V5KYPTJMixpadNmrEBzp2Qfmu95dAJb3JfghksSgifyA%3D&t=https%3A%2F%2Fwww.dsbd.tech%2F
2,"""digital security by design""",.uk,,,
3,"""digital security by design""",.uk,Digital Security by Design,28 Jan 2022,https://www.digicatapult.org.uk/apply/open-calls/opportunity/digital-security-by-design/
4,"""digital security by design""",.uk,Competition overview - ISCF digital security by design,4 Oct 2021,https://apply-for-innovation-funding.service.gov.uk/competition/1020/overview
5,"""digital security by design""",.uk,CHERI: The Digital Security by Design (DSbD) Initiative,18 Oct 2019,https://www.cl.cam.ac.uk/research/security/ctsrd/cheri/dsbd.html
6,"""digital security by design""",.uk,Global businesses – including Google and Microsoft,22 Jul 2019,https://www.gov.uk/government/news/global-businesses-including-google-and-microsoft-back-uk-to-block-cyber-threats-with-new-tech
7,"""digital security by design""",.uk,Companies across the UK join Digital Security by Design to ...,5 Oct 2022,https://www.digicatapult.org.uk/about/press-releases/post/companies-across-the-uk-join-digital-security-by-design-to-validate-next-generation-cybersecurity-technology/
8,"""digital security by design""",.uk,DSbD-Mid-Term-report-2023.pdf,8 Jun 2023,https://digicat.org.uk/3Klzpui?utm_source=facebook&utm_medium=social
9,"""digital security by design""",.uk,Digital Security by Design: A new innovation in ...,15 Nov 2023,https://es.catapult.org.uk/insight/digital-security-by-design-a-new-innovation-in-cybersecurity-for-the-digitalised-energy-future/
10,"""digital security by design""",.uk,Digital Security by Design: Toward computer systems that are ...,9 Dec 2020,https://www.trusttech.cam.ac.uk/perspectives/foundations-trustworthy-design/digital-security-design-toward-computer-systems-are-more
11,"""digital security by design""",.uk,Confronting cyber threats to businesses and personal data,18 Oct 2019,https://www.gov.uk/government/news/confronting-cyber-threats-to-businesses-and-personal-data
12,"""digital security by design""",.uk,Sensor IT Follows up on the Digital Security by Design ...,26 Nov 2023,https://www.sensorit.co.uk/sensor-it-dsbd-follow-up/
13,"""digital security by design""",.uk,Eight new companies to bolster cyber defences of critical ...,4 Jun 2024,https://digicat.org.uk/3XdMkG5
14,"""digital security by design""",.uk,New research hub to bridge the gap between digital ...,3 Nov 2020,https://www.bath.ac.uk/announcements/new-research-hub-to-bridge-the-gap-between-digital-security-and-society/
15,"""digital security by design""",.uk,Security - Sensor IT,5 Jan 2024,https://www.sensorit.co.uk/category/case-studies/security/
16,"""digital security by design""",.uk,Launching a ground-breaking digital security brand - Firehaus,8 Dec 2020,https://www.firehaus.co.uk/work-blog/2020/12/8/launching-a-ground-breaking-digital-security-brand
17,"""digital security by design""",.uk,24 April 2024 - Cyber resilience of the UK's critical national ...,24 Apr 2024,https://committees.parliament.uk/event/21367
18,"""digital security by design""",.uk,Holistic Design of Secure Systems on Capability Hardware,7 Dec 2020,https://www.southampton.ac.uk/research/projects/holistic-design-of-secure-systems-on-capability-hardware
19,"""digital security by design""",.uk,DSbD Desktop Project - UKRI Digital Security by Design,18 May 2024,https://www.capabilitieslimited.co.uk/current-projects/dsbd-desktop
20,"""digital security by design""",.uk,Discribe - Refractions,13 Mar 2024,https://www.refractions.org.uk/projects/discribe
21,"""digital security by design""",.uk,University of Manchester links up with global e-commerce ...,24 Nov 2020,https://www.manchester.ac.uk/about/news/university-of-manchester-links-up-with-global-e-commerce-player-to-prevent-cyber-security-attacks/
22,"""digital security by design""",.uk,Cyber resilience of the UK's critical national infrastructure,16 Sept 2023,https://committees.parliament.uk/work/7934/cyber-resilience-of-the-uks-critical-national-infrastructure/
23,"""digital security by design""",.uk,Institute for Digital Security and Behaviour (IDSB),15 Jul 2024,https://researchportal.bath.ac.uk/en/organisations/institute-for-digital-security-and-behaviour-idsb
24,"""digital security by design""",.uk,Trusted Digital Systems - School of Social Sciences,16 May 2021,https://www.socialsciences.manchester.ac.uk/dts/research/clusters/trusted-digital-systems/
25,"""digital security by design""",.uk,Month: December 2020 - Jean Golding Institute News,1 Dec 2020,https://jeangoldinginstitute.blogs.bristol.ac.uk/2020/12/
26,"""digital security by design""",.uk,Developing our capability in cyber security,15 Jul 2020,https://www.ncsc.gov.uk/files/2020-ACE-CSR-brochure.pdf
27,"""digital security by design""",.uk,Cyber and Digital,2 Jun 2023,https://gw4.ac.uk/cyber-and-digital/
28,"""digital security by design""",.uk,Robin Kennedy,17 Nov 2016,https://ktn-uk.co.uk/people/robin-kennedy
29,"""digital security by design""",.uk,UK weighs down on cyber defences with new security ...,5 Jun 2024,https://securitybrief.co.uk/story/uk-weighs-down-on-cyber-defences-with-new-security-initiative
30,"""digital security by design""",.uk,Smart Security,10 Jul 2023,https://smartmachinesandfactories.co.uk/category/sectors/smart-security/
31,"""digital security by design""",.uk,CyberASAP,22 Feb 2023,http://cyberasap.co.uk/
32,"""digital security by design""",.uk,Nuala Kilmartin - ECS September 2024,10 Jun 2024,https://whitehallmedia.co.uk/ecssep2024/speakers/nuala-kilmartin/
33,"""digital security by design""",.uk,Lindy Cameron at Singapore International Cyber Week,20 Oct 2022,https://www.ncsc.gov.uk/speech/lindy-cameron-singapore-international-cyber-week
34,"""digital security by design""",.uk,UK cybersecurity firms receive share of new government ...,15 Jun 2020,https://businesscloud.co.uk/news/uk-cybersecurity-firms-receive-share-of-new-government-funding/
35,"""digital security by design""",.uk,News – BCC,12 Nov 2005,https://bcc.co.uk/news/
36,"""digital security by design""",.uk,Professor Awais Rashid - University of Bristol Research Portal,8 Oct 2020,https://research-information.bris.ac.uk/en/persons/awais-rashid
37,"""digital security by design""",.uk,Lizzie Coles-Kemp,9 Jul 2022,https://pure.royalholloway.ac.uk/en/persons/lizzie-coles-kemp
38,"""digital security by design""",.uk,Cyber Security (Cyber Secure Everywhere) | Study at Bristol,9 Feb 2024,https://www.bristol.ac.uk/study/postgraduate/research/cyber-security-cyber-secure-everywhere/
39,"""digital security by design""",.uk,News – Ioetec Ltd,11 Nov 2022,https://ioetec.co.uk/news/
40,"""digital security by design""",.uk,HISC 2024 Programme,23 Jul 2024,https://www.his-conference.co.uk/programme
41,"""digital security by design""",.uk,National Cyber Strategy 2022,15 Sept 2021,https://assets.publishing.service.gov.uk/media/620131fdd3bf7f78e469ce00/national-cyber-strategy-amend.pdf
42,"""digital security by design""",.uk,Research Projects - Institute of Cyber Security for Society (iCSS),27 Nov 2021,https://research.kent.ac.uk/cyber/research-projects/
43,"""digital security by design""",.uk,,,
44,"""digital security by design""",.uk,News Archive | ECIT,13 Mar 2023,https://www.qub.ac.uk/ecit/News/archive/
45,"""digital security by design""",.uk,Women in Digital: Elisabetta Zaccaria,22 Oct 2020,https://tdpstaging.uk/news/2020/10/22/women-in-digital-elisabetta-zaccaria/
46,"""digital security by design""",.uk,"How does £36m sound, mon CHERI? UK.gov pumps cash ...",18 Oct 2019,https://www.theregister.co.uk/2019/10/18/arm_security_by_design_research/
47,"""digital security by design""",.uk,RISCS Management Team,17 Aug 2020,https://riscs.org.uk/about/riscs-management/
48,"""digital security by design""",.uk,Cyber security for all: Meet Professor Lizzie Coles Kemp,20 Jun 2024,https://www.royalholloway.ac.uk/research-and-teaching/departments-and-schools/information-security/news/cyber-security-for-all-meet-professor-lizzie-coles-kemp/
49,"""digital security by design""",.uk,Cyber Security,14 Dec 2023,https://www.drisq.uk/cyber-security
50,"""digital security by design""",.uk,Petar Radanliev,11 Oct 2023,https://www.cs.ox.ac.uk/people/petar.radanliev/
51,"""digital security by design""",.uk,Projects - ScienceScope,29 Jul 2019,https://sciencescope.uk/projects/
52,"""digital security by design""",.uk,Network of Networks,15 Oct 2021,https://connectedeverything.ac.uk/activities/network-of-networks/
53,"""digital security by design""",.uk,Surviving the 2023 shockwaves,3 Dec 2022,https://computingsecurity.co.uk/articles/?article_id=12726&Mag=security
54,"""digital security by design""",.uk,Drivers and barriers for secure hardware adoption across ...,by A Tomlinson,https://cronfa.swan.ac.uk/Record/cronfa61037/Download/61037__25360__18e7e213baa744268ed0c34a0a0e3506.pdf
55,"""digital security by design""",.uk,Bhattacharyya Award,10 Nov 2022,https://www.engc.org.uk/news/he-bulletin/autumn-2022/bhattacharyya-award/
56,"""digital security by design""",.uk,Professor Elvira Uyarra,27 May 2021,https://www.productivity.ac.uk/people/dr-elvira-uyarra/
57,"""digital security by design""",.uk,ARM Morello – towards the first commercial capability ...,17 Mar 2022,http://generic.wordpress.soton.ac.uk/ukdesignforum/wp-content/uploads/sites/437/2022/03/ukdf2022-Morello.pdf
58,"""digital security by design""",.uk,Regulating Data Privacy and Cybersecurity,by WMW Lam,https://www.research.ed.ac.uk/files/404323910/The_J_Industrial_Economics_-_2023_-_Lam_-_Regulating_Data_Privacy_and_Cybersecurity.pdf
59,"""digital security by design""",.uk,Problem Book 2024 - VeTSS,18 May 2024,https://vetss.org.uk/wp-content/uploads/sites/152/2024/05/VeTSS_Problem_Book_2024.pdf
60,"""digital security by design""",.uk,Electronics,10 Sept 2024,https://ktn-uk.co.uk/electronics/
61,"""digital security by design""",.uk,Six cyber security holes you need to plug now,29 Jul 2022,https://www.itpro.co.uk/security/cyber-security/368543/six-cyber-security-holes-you-need-to-plug-now
62,"""digital security by design""",.uk,2022 Programme,1 Aug 2022,https://www.his-conference.co.uk/programme/2022-programme
63,"""digital security by design""",.uk,CHERITech 23 (#cheritech23) CHERI Technical Workshop ...,31 Mar 2023,https://www.dcs.gla.ac.uk/~jsinger/cheritech23.html
64,"""digital security by design""",.uk,Niki Panteli - Research Portal,9 Jul 2024,https://www.research.lancs.ac.uk/portal/en/people/niki-panteli(724ccaf2-f244-4b3c-98c5-2a8a98a8cf17).html
65,"""digital security by design""",.uk,Regulating Data Privacy and Cybersecurity*,by WMANW LAM,https://ueaeprints.uea.ac.uk/81453/7/The_J_Industrial_Economics_2023_Lam_Regulating_Data_Privacy_and_Cybersecurity.pdf
66,"""digital security by design""",.uk,A Year in Review: 2023 at The Good Penguin,14 Feb 2024,https://www.thegoodpenguin.co.uk/blog/a-year-in-review-2023-at-the-good-penguin/
67,"""digital security by design""",.uk,Advanced Reliable Computer Systems Group (ARCoS),20 Apr 2021,https://www.brookes.ac.uk/research/units/tde/groups/advanced-reliable-computer-systems-group
68,"""digital security by design""",.uk,Robert Atkinson,31 May 2022,https://pureportal.strath.ac.uk/en/persons/robert-atkinson
69,"""digital security by design""",.uk,Speakers - GOVSEC May 2024,23 May 2024,https://whitehallmedia.co.uk/govsecmay2024/speakers/
70,"""digital security by design""",.uk,The North West Cyber Corridor Innovation Impact Study,17 Nov 2023,https://www.lancaster.ac.uk/media/lancaster-university/content-assets/images/security-lancaster/cyber-foundry/LancasterCyberCorridorImpactStudy.pdf
71,"""digital security by design""",.uk,From privacy to partnership,23 Jan 2023,https://www.royalsoc.ac.uk/-/media/policy/projects/privacy-enhancing-technologies/from-privacy-to-partnership.pdf
72,"""digital security by design""",.uk,Cybersecurity Resilience in SMEs. A Machine Learning ...,by Fernandez De Arroyabe Fernandez,https://repository.essex.ac.uk/36287/1/Cybersecurity%20Resilience%20in%20SMEs.%20A%20Machine%20Learning%20Approach.pdf
73,"""digital security by design""",.uk,Verified Security for the Morello Capability-enhanced ... - Pure,by T Bauereiss,https://www.pure.ed.ac.uk/ws/portalfiles/portal/260614811/Verified_Security_BAUEREISS_DOA22122021_VOR_CC_BY.pdf
74,"""digital security by design""",.uk,Dr. Kubilay Ahmet Küçük (www.kuc.uk),18 Apr 2023,https://www.cs.ox.ac.uk/people/dr.kucuk/
75,"""digital security by design""",.uk,Latest national news | Grants 4 Norfolk - Business,30 Sept 2021,https://funding.idoxopen4business.co.uk/norfolk_bus/News/List/Default/2021/9
76,"""digital security by design""",.uk,Welcome to International Cyber Expo,6 Sept 2024,https://btc.co.uk/click_counter/click.php?id=1205
77,"""digital security by design""",.uk,The Reality of an Interconnected World,17 Nov 2022,https://connectedtechnologysolutions.co.uk/talks/the-reality-of-an-interconnected-world/
78,"""digital security by design""",.uk,British Polish Tech Forum 2023 | GoTechPoland,14 Nov 2023,https://www.gotechpoland.co.uk/2023
79,"""digital security by design""",.uk,Drivers and barriers for secure hardware adoption ... - Cronfa,by A Tomlinson,https://cronfa.swan.ac.uk/Record/cronfa61037/Details
80,"""digital security by design""",.uk,"CERTs Urge Patching of Google Chrome, Android Flaws",10 Feb 2022,https://www.databreachtoday.co.uk/certs-urge-patching-google-chrome-android-flaws-a-18490
81,"""digital security by design""",.uk,pottify - Rob Potter,11 Nov 2023,http://pottify.co.uk/
82,"""digital security by design""",.uk,Cryptography and Information Security,6 Jun 2020,https://research-information.bris.ac.uk/en/organisations/cryptography-and-information-security
83,"""digital security by design""",.uk,"Semiconductor Supply Chains, AI and Economic Statecraft",9 Apr 2024,https://cetas.turing.ac.uk/publications/semiconductor-supply-chains-ai-and-economic-statecraft
84,"""digital security by design""",.uk,Agenda - UK Cyber Week 2024,18 Apr 2024,https://www.ukcyberweek.co.uk/agenda
85,"""digital security by design""",.uk,Arm | Faculty of Engineering,2 Oct 2021,https://www.imperial.ac.uk/engineering/departments/computing/industry/aci/2021-22/arm/
86,"""digital security by design""",.uk,UKDF 2022 - UK Design Forum,17 Mar 2022,https://ukdesignforum.org.uk/ukdf-2022/
87,"""digital security by design""",.uk,Maria Bada - School of Biological and Behavioural Sciences,15 Nov 2022,https://www.qmul.ac.uk/sbbs/staff/maria-bada.html
88,"""digital security by design""",.uk,UK Research and Innovation's management of the ...,5 Feb 2021,https://www.nao.org.uk/wp-content/uploads/2021/02/UK-Research-and-Innovations-management-of-the-Industrial-Strategy-Challenge-Fund.pdf
89,"""digital security by design""",.uk,Barriers and challenges 1 1 This paper was suppo,by MF Arroyabe,https://repository.essex.ac.uk/37016/1/1-s2.0-S0040162523007369-main.pdf
90,"""digital security by design""",.uk,Towards Secure MicroPython on Morello (WIP),by J Singer,https://www.dcs.gla.ac.uk/~jsinger/pdfs/lctes23.pdf
91,"""digital security by design""",.uk,Move away from memory-unsafe languages like C and ...,11 Nov 2022,https://www.itpro.co.uk/development/programming-languages/369499/move-away-from-memory-unsafe-languages-c
92,"""digital security by design""",.uk,Seizing the opportunity of a thriving UK semiconductor ...,19 May 2023,https://csa.catapult.org.uk/uncategorized/seizing-the-opportunity-of-a-thriving-uk-semiconductor-industry/
93,"""digital security by design""",.uk,The CamilleX Framework for the Rodin Platform - ePrints Soton,by TS Hoang,https://eprints.soton.ac.uk/448174/
94,"""digital security by design""",.uk,Westminster eForum,15 Aug 2024,https://www.westminsterforumprojects.co.uk/publications/westminster_eforum
95,"""digital security by design""",.uk,Professor Michael Butler appointed Southampton Dean ...,16 Nov 2020,https://www.southampton.ac.uk/news/2020/11/michael-butler-feps-dean.page
96,"""digital security by design""",.uk,Ffurfwedd Safonol Converis - Professor Pete Burnap,11 Sept 2024,"https://research.cardiff.ac.uk/converis/portal/detail/Person/335241?page=pers_has_coi_proj:7,pers_has_pi_proj:3&lang=cy_CY"
97,"""digital security by design""",.uk,Robotics festival - Speakers,1 Mar 2023,https://atadastral.co.uk/robotics-festival/speakers/
98,"""digital security by design""",.uk,Digital DNA Glasgow 2023,1 Nov 2023,https://digitaldna.org.uk/digital-dna-glasgow-2023/
99,"""digital security by design""",.uk,Dr Hoang Nguyen,26 Oct 2022,https://www.swansea.ac.uk/staff/h.n.nguyen/
100,"""digital security by design""",.uk,ARTICLES IN News,26 Jun 2024,https://startupsmagazine.co.uk/category/news?sort_bef_combine=created%20DESC&sort_by=created&sort_order=DESC&page=4
101,"""digital security by design""",.uk,We posted an AirTag! - Part One,22 Nov 2023,https://www.dynamicdevices.co.uk/we-posted-an-airtag-part-one/
102,"""digital security by design""",.uk,,,
103,"""dsbd""",.uk,Digital Security by Design,29 Oct 2020,https://www.cyberuk.uk/2024/l/t?u=CA6x7rSb8vIiV2kF6yKOdiIptAe0tObdkiNu5gD8tPVCHrR0AFlujtmAuSRW361QfAHSQA1dXXMs3syOuYGCTTkaapkAolRLC44yhY3V5KYPTJMixpadNmrEBzp2Qfmu95dAJb3JfghksSgifyA%3D&t=https%3A%2F%2Fwww.dsbd.tech%2F
104,"""dsbd""",.uk,,,
105,"""dsbd""",.uk,Competition overview - ISCF digital security by design,4 Oct 2021,https://apply-for-innovation-funding.service.gov.uk/competition/1020/overview
106,"""dsbd""",.uk,Digital Security by Design,28 Jan 2022,https://www.digicatapult.org.uk/apply/open-calls/opportunity/digital-security-by-design/
107,"""dsbd""",.uk,DSbD-Mid-Term-report-2023.pdf,8 Jun 2023,https://digicat.org.uk/3Klzpui?utm_source=facebook&utm_medium=social
108,"""dsbd""",.uk,CHERI: The Digital Security by Design (DSbD) Initiative,18 Oct 2019,https://www.cl.cam.ac.uk/research/security/ctsrd/cheri/dsbd.html
109,"""dsbd""",.uk,Companies across the UK join Digital Security by Design to ...,5 Oct 2022,https://www.digicatapult.org.uk/about/press-releases/post/companies-across-the-uk-join-digital-security-by-design-to-validate-next-generation-cybersecurity-technology/
110,"""dsbd""",.uk,Digital Security by Design: A new innovation in ...,15 Nov 2023,https://es.catapult.org.uk/insight/digital-security-by-design-a-new-innovation-in-cybersecurity-for-the-digitalised-energy-future/
111,"""dsbd""",.uk,Security - Sensor IT,5 Jan 2024,https://www.sensorit.co.uk/category/case-studies/security/
112,"""dsbd""",.uk,DSbD Desktop Project - UKRI Digital Security by Design,18 May 2024,https://www.capabilitieslimited.co.uk/current-projects/dsbd-desktop
113,"""dsbd""",.uk,CHERI adoption and diffusion research,15 May 2024,https://www.gov.uk/government/publications/cheri-adoption-and-diffusion-research/cheri-adoption-and-diffusion-research
114,"""dsbd""",.uk,Eight new companies to bolster cyber defences of critical ...,4 Jun 2024,https://digicat.org.uk/3XdMkG5
115,"""dsbd""",.uk,Sensor IT Follows up on the Digital Security by Design ...,26 Nov 2023,https://www.sensorit.co.uk/sensor-it-dsbd-follow-up/
116,"""dsbd""",.uk,Digital Security by Design: Toward computer systems that are ...,9 Dec 2020,https://www.trusttech.cam.ac.uk/perspectives/foundations-trustworthy-design/digital-security-design-toward-computer-systems-are-more
117,"""dsbd""",.uk,Discribe - Refractions,13 Mar 2024,https://www.refractions.org.uk/projects/discribe
118,"""dsbd""",.uk,Holistic Design of Secure Systems on Capability Hardware,7 Dec 2020,https://www.southampton.ac.uk/research/projects/holistic-design-of-secure-systems-on-capability-hardware
119,"""dsbd""",.uk,Launching a ground-breaking digital security brand - Firehaus,8 Dec 2020,https://www.firehaus.co.uk/work-blog/2020/12/8/launching-a-ground-breaking-digital-security-brand
120,"""dsbd""",.uk,RESAuto,19 Mar 2024,https://aesin.org.uk/resauto/
121,"""dsbd""",.uk,Month: December 2020 - Jean Golding Institute News,1 Dec 2020,https://jeangoldinginstitute.blogs.bristol.ac.uk/2020/12/
122,"""dsbd""",.uk,,,
123,"""dsbd""",.uk,New Bath research hub to bridge the gap between digital ...,5 Nov 2020,https://www.inyourarea.co.uk/news/new-bath-research-hub-to-bridge-the-gap-between-digital-security-and-society
124,"""dsbd""",.uk,Research Associate in Automated Verification of CHERI ...,15 Jul 2023,https://www.jobs.manchester.ac.uk/Job/JobDetail?isPreview=Yes&jobid=20494
125,"""dsbd""",.uk,CHERITech 23 (#cheritech23) CHERI Technical Workshop ...,31 Mar 2023,https://www.dcs.gla.ac.uk/~jsinger/cheritech23.html
126,"""dsbd""",.uk,Claude Heath,15 Apr 2019,https://scholar.google.co.uk/citations?user=sV_2V68AAAAJ&hl=en
127,"""dsbd""",.uk,Keeping us safe from cyber threats,15 Oct 2020,https://stories.bath.ac.uk/keeping-us-safe-from-cyber-threats/index.html
128,"""dsbd""",.uk,UK weighs down on cyber defences with new security ...,5 Jun 2024,https://securitybrief.co.uk/story/uk-weighs-down-on-cyber-defences-with-new-security-initiative
129,"""dsbd""",.uk,Music,3 Aug 2024,https://gratefuldudes.co.uk/music/
130,"""dsbd""",.uk,Nuala Kilmartin - ECS September 2024,10 Jun 2024,https://whitehallmedia.co.uk/ecssep2024/speakers/nuala-kilmartin/
131,"""dsbd""",.uk,CHERI within Defence and Security: Competition Document,14 Nov 2022,https://www.gov.uk/government/publications/competition-cheri-within-defence-and-security/cheri-within-defence-and-security-competition-document
132,"""dsbd""",.uk,Cyber security for all: Meet Professor Lizzie Coles Kemp,20 Jun 2024,https://www.royalholloway.ac.uk/research-and-teaching/departments-and-schools/information-security/news/cyber-security-for-all-meet-professor-lizzie-coles-kemp/
133,"""dsbd""",.uk,Smart Security,10 Jul 2023,https://smartmachinesandfactories.co.uk/category/sectors/smart-security/
134,"""dsbd""",.uk,Prof Christina Redfield - Biochemistry - University of Oxford,21 Jun 2017,https://www.bioch.ox.ac.uk/research/redfield
135,"""dsbd""",.uk,Duxford Soap Box Derby Race Videos,4 Aug 2019,https://www.duxfordsoapboxderby.co.uk/gallery/Race-videos/
136,"""dsbd""",.uk,Professor Elvira Uyarra,27 May 2021,https://www.productivity.ac.uk/people/dr-elvira-uyarra/
137,"""dsbd""",.uk,SGN Digital Strategy Action Plan Juen 2023,29 Jun 2023,https://www.sgn.co.uk/sites/default/files/media-entities/documents/2023-06/SGN-Digital-Strategy-Action-Plan-0623.pdf
138,"""dsbd""",.uk,"120 V.Bozeman ideas in 2024 | bald women, bald girl, bald hair",12 Feb 2018,https://www.pinterest.co.uk/donaldb7/vbozeman/
139,"""dsbd""",.uk,Secret Life of Data Competition - Jean Golding Institute News,2 Nov 2022,https://jeangoldinginstitute.blogs.bristol.ac.uk/2022/11/02/secret-life-of-data-competition/
140,"""dsbd""",.uk,The CamilleX Framework for the Rodin Platform - ePrints Soton,by TS Hoang,https://eprints.soton.ac.uk/448174/
141,"""dsbd""",.uk,University of Manchester links up with global e-commerce ...,24 Nov 2020,https://www.manchester.ac.uk/about/news/university-of-manchester-links-up-with-global-e-commerce-player-to-prevent-cyber-security-attacks/
142,"""dsbd""",.uk,Institute for Digital Security and Behaviour (IDSB),15 Jul 2024,https://researchportal.bath.ac.uk/en/organisations/institute-for-digital-security-and-behaviour-idsb
143,"""dsbd""",.uk,Ian Stark,1 Nov 2019,https://www.research.ed.ac.uk/en/persons/ian-stark
144,"""dsbd""",.uk,Lizzie Coles-Kemp,9 Jul 2022,https://pure.royalholloway.ac.uk/en/persons/lizzie-coles-kemp
145,"""dsbd""",.uk,Niki Panteli - Research Portal,9 Jul 2024,https://www.research.lancs.ac.uk/portal/en/people/niki-panteli(724ccaf2-f244-4b3c-98c5-2a8a98a8cf17).html
146,"""dsbd""",.uk,News – BCC,12 Nov 2005,https://bcc.co.uk/news/
147,"""dsbd""",.uk,Thioredoxin domain (IPR013766) - InterPro entry,6 Apr 2013,https://www.ebi.ac.uk/interpro/entry/interpro/IPR013766
148,"""dsbd""",.uk,Christina Redfield - Wolfson College - University of Oxford,2 Aug 2013,https://www.wolfson.ox.ac.uk/person/christina-redfield/
149,"""dsbd""",.uk,A Year in Review: 2023 at The Good Penguin,14 Feb 2024,https://www.thegoodpenguin.co.uk/blog/a-year-in-review-2023-at-the-good-penguin/
150,"""dsbd""",.uk,Michael Vollmer - School of Computing,20 Oct 2023,https://www.kent.ac.uk/computing/people/4728/vollmer-michael
151,"""dsbd""",.uk,PMW,12 Feb 2013,https://www.pinterest.co.uk/pin/515873332292131212/
152,"""dsbd""",.uk,SGN Digital Strategy Action Plan - December 2022,21 Dec 2022,https://www.sgn.co.uk/sites/default/files/media-entities/documents/2022-12/SGN-Digital-Strategy-Action-Plan-1222.pdf
153,"""dsbd""",.uk,Robert Atkinson,31 May 2022,https://pureportal.strath.ac.uk/en/persons/robert-atkinson
154,"""dsbd""",.uk,About | Capabilities Limited | Security Consultancy,11 Mar 2023,https://www.capabilitieslimited.co.uk/about
155,"""dsbd""",.uk,Citramalate: GO Search,22 Oct 2023,https://morfdb0.york.ac.uk/projects/DETOX/citramalate/genome/GCF_000750555.1/go-search?query=GO:0046688
156,"""dsbd""",.uk,Isla: Integrating full-scale ISA semantics and axiomatic ...,by A Armstrong,https://www.research.ed.ac.uk/en/publications/isla-integrating-full-scale-isa-semantics-and-axiomatic-concurren
157,"""dsbd""",.uk,Aphra Behn,17 Jul 2023,https://www.psbooks.co.uk/aphra-behn
158,"""dsbd""",.uk,LysE (CL0292) - set - InterPro,24 Dec 2023,https://www.ebi.ac.uk/interpro/set/pfam/CL0292
159,"""dsbd""",.uk,Despoina Mavridou,18 Jun 2018,https://scholar.google.co.uk/citations?user=URfIa6AAAAAJ&hl=en
160,"""dsbd""",.uk,Dr Robert Atkinson,31 Aug 2023,https://www.strath.ac.uk/staff/atkinsonrobertdr/
161,"""dsbd""",.uk,BIC Standard Subject Categories & Qualifiers Version 2.1 ( ...,1 Nov 2010,https://bookisbn.org.uk/wp-content/uploads/sites/118/2019/09/BIC-Code-complete-list-of-categories-version-2.1-November-2010.pdf
162,"""dsbd""",.uk,Contract for the provision of Building Cleaning Services,8 Jan 2018,https://democracy.durham.gov.uk/documents/s85720/Item%204%20-%20Appendix%202.pdf
163,"""dsbd""",.uk,pottify - Rob Potter,11 Nov 2023,http://pottify.co.uk/
164,"""dsbd""",.uk,Global Expo Botswana,15 Dec 2004,https://www.drawnfresh.co.uk/exhibitor/show/679
165,"""dsbd""",.uk,Maria Bada - School of Biological and Behavioural Sciences,15 Nov 2022,https://www.qmul.ac.uk/sbbs/staff/maria-bada.html
166,"""dsbd""",.uk,ARM Morello – towards the first commercial capability ...,17 Mar 2022,http://generic.wordpress.soton.ac.uk/ukdesignforum/wp-content/uploads/sites/437/2022/03/ukdf2022-Morello.pdf
167,"""dsbd""",.uk,Sabrina Hossain,5 Apr 2022,https://www.kcl.ac.uk/people/sabrina-hossain
168,"""dsbd""",.uk,We Are Connected – Are We Protected?,15 Dec 2023,https://petras.cs.ucl.ac.uk/update/we-are-connected-are-we-protected/
169,"""dsbd""",.uk,Arm | Faculty of Engineering,2 Oct 2021,https://www.imperial.ac.uk/engineering/departments/computing/industry/aci/2021-22/arm/
170,"""dsbd""",.uk,News Archive | ECIT,13 Mar 2023,https://www.qub.ac.uk/ecit/News/archive/
171,"""dsbd""",.uk,Towards Secure MicroPython on Morello (WIP),by J Singer,https://www.dcs.gla.ac.uk/~jsinger/pdfs/lctes23.pdf
172,"""dsbd""",.uk,First identification of bla producing Escherichia coli from ...,by J Manyahi,https://archive.lstmed.ac.uk/19844/7/jmm001513.pdf
173,"""dsbd""",.uk,Drivers and barriers for secure hardware adoption across ...,by A Tomlinson,https://cronfa.swan.ac.uk/Record/cronfa61037/Download/61037__25360__18e7e213baa744268ed0c34a0a0e3506.pdf
174,"""dsbd""",.uk,AutoCHERI project addresses cyber security risks in ...,29 Aug 2023,https://csa.catapult.org.uk/uncategorized/autocheri-project-addresses-cyber-security-risks-in-the-automotive-industry/
175,"""dsbd""",.uk,Problem Book 2024 - VeTSS,18 May 2024,https://vetss.org.uk/wp-content/uploads/sites/152/2024/05/VeTSS_Problem_Book_2024.pdf
176,"""dsbd""",.uk,nibusinessinfo.co.uk | Belfast,7 days ago,https://www.nibusinessinfo.co.uk/content/facebook
177,"""dsbd""",.uk,Rational Design of Piled Raft,by A Mandolini,https://core.ac.uk/download/pdf/82741167.pdf
178,"""dsbd""",.uk,La mer Summer at Sea Eau de Toilette 50 ml with Perfume,27 Aug 2023,https://www.amazon.co.uk/mer-Summer-Sea-Toilette-Perfume/dp/B097QZ3G4L
179,"""dsbd""",.uk,Contact,5 Oct 2018,https://story-futures.s3.greenwich-design-projects.co.uk/contact
180,"""dsbd""",.uk,service level agreement for the provision of building cleaning,5 Feb 2022,https://democracy.durham.gov.uk/documents/s150436/Item%205%20Performance%20Report%20App%204.pdf
181,"""dsbd""",.uk,UK Semiconductor Advisory Panel - Terms of Reference,15 May 2023,https://assets.publishing.service.gov.uk/media/65b8f898e9e10a00130310b1/semiconductor_advisory_terms_of_reference.pdf
182,"""dsbd""",.uk,Further Reading - Seeking Asylum and Mental Health,15 Mar 2023,https://asylummentalhealth.uk/further-reading/
183,"""dsbd""",.uk,"Semiconductor Supply Chains, AI and Economic Statecraft",9 Apr 2024,https://cetas.turing.ac.uk/publications/semiconductor-supply-chains-ai-and-economic-statecraft
184,"""dsbd""",.uk,Speakers - GOVSEC May 2024,23 May 2024,https://whitehallmedia.co.uk/govsecmay2024/speakers/
185,"""dsbd""",.uk,Cybersecurity Resilience in SMEs. A Machine Learning ...,by JC Fernandez de Arroyabe,https://gala.gre.ac.uk/id/eprint/45898/7/45898_DE%20ARROYABE%20ARRANZ_Cybersecurity_resilience_in_SMEs_A_machine_learning_approach.pdf
186,"""dsbd""",.uk,Kent Academic Repository,by B Yucel,https://kar.kent.ac.uk/80341/1/Yucel%20et%20al.%20FEBS%20journal%20-KAR.pdf
187,"""dsbd""",.uk,ARTICLES IN News,26 Jun 2024,https://startupsmagazine.co.uk/category/news?sort_bef_combine=created%20DESC&sort_by=created&sort_order=DESC&page=4
188,"""dsbd""",.uk,Move away from memory-unsafe languages like C and ...,11 Nov 2022,https://www.itpro.co.uk/development/programming-languages/369499/move-away-from-memory-unsafe-languages-c
189,"""dsbd""",.uk,4 Pack Extra Wide Non Slip Bamboo Diabetic Slipper Socks,23 Feb 2023,https://socksnob.co.uk/product/4-pack-extra-wide-non-slip-bamboo-diabetic-slipper-socks/
190,"""dsbd""",.uk,Multifunctional biocatalyst for conjugate reduction and ...,by T Thorpe,https://eprints.whiterose.ac.uk/185820/1/Accepted_Manuscript.pdf
191,"""dsbd""",.uk,Whole-genome sequencing of clinical isolates of Citrobacter ...,by J Ma,https://0-ann--clinmicrob-biomedcentral-com.brum.beds.ac.uk/counter/pdf/10.1186/s12941-024-00699-y.pdf
192,"""dsbd""",.uk,Low Laithes Golf Club West Yorkshire,3 days ago,https://www.hotelsneargolfcourses.co.uk/course/low-laithes-golf-club-west-yorkshire/
193,"""dsbd""",.uk,The Performance of Nobility in Early Modern European ...,4 Nov 1999,https://www.brownsbfs.co.uk/Product/Posner-David-M-Loyola-University-Chicago/The-Performance-of-Nobility-in-Early-Modern-European-Literature/9780521661812
194,"""dsbd""",.uk,Lipoprotein biogenesis in Gram- positive bacteria,by MI Hutchings,https://core.ac.uk/download/pdf/2773718.pdf
195,"""dsbd""",.uk,annual - report17 18,27 Sept 2019,https://www.england.nhs.uk/wp-content/uploads/2019/09/The_Hillingdon_Hospitals_NHS_Foundation_Trust_Annual_Report_and_Accounts_2017-18.pdf
196,"""dsbd""",.uk,Raindance E Showerpipe 300 1jet with ShowerTablet 600,16 Apr 2018,https://www.hansgrohe.co.uk/articledetail-raindance-e-showerpipe-300-1jet-with-showertablet-600-27363000
197,"""dsbd""",.uk,Anaerobic Sulfur Oxidation Underlies Adaptation of a ...,by GF Paredes,https://wrap.warwick.ac.uk/id/eprint/155027/1/msystems.01186-20.pdf
198,"""dsbd""",.uk,Anna Wood,13 Aug 2024,https://startupsmagazine.co.uk/index.php/content/anna-wood
199,"""dsbd""",.uk,4 Pack Extra Wide Knee High Bamboo Diabetic Socks,20 Sept 2023,https://socksnob.co.uk/product/dr-socks-4-pack-bamboo-knee-high-diabetic-socks/
200,"""dsbd""",.uk,Barriers and challenges 1 1 This paper was suppo,by MF Arroyabe,https://repository.essex.ac.uk/37016/1/1-s2.0-S0040162523007369-main.pdf
201,"""dsbd""",.uk,"a review of agriculture, environment, and health policies in ...",by S Hlahla,https://researchonline.lshtm.ac.uk/id/eprint/4673314/1/Hlahla-etal-2023-Policy-gaps-and-food-systems-optimization.pdf
202,"""dsbd""",.uk,Exploiting Violet-Blue Light to Kill Campylobacter jejuni,by P Walker,https://centaur.reading.ac.uk/110829/1/msystems.00454-22.pdf
203,"""dsbd""",.uk,Benjamin Franklin by Harold Bloom (9781604131352),29 Jul 2008,https://www.schools.peters.co.uk/book-page/9781604131352/Bloom%2C-Harold/Benjamin-Franklin?search=eyJzdGFuZGFyZEZpbHRlcnMiOnsic2VhcmNoVGVybSI6eyJpc2JuIjp7InRlcm0iOiI5NzgxNjA0MTMxMzUyIn19fSwicGFnZSI6MSwic29ydCI6InJlbGV2YW5jZSIsInNvcnRPcmRlciI6IkRFU0MiLCJzb3J0SXRlbXMiOlt7InNvcnQiOiJyZWxldmFuY2UiLCJzb3J0T3JkZXIiOiJkZXNjIn1dLCJsaW1pdCI6MjAsImRpc3BsYXlGcm9tIjoxLCJleGNsdWRlT3JkZXJlZCI6MCwiZXhjbHVkZU9yZGVyZWRGb3IiOm51bGx9
204,"""dsbd""",.uk,,,
205,"""digital security by design""",.eu,"Changing Industry Mindset, Practices to Tackle ...",12 Aug 2022,https://www.eetimes.eu/changing-industry-mindset-practices-to-tackle-cybersecurity-flaws/
206,"""digital security by design""",.eu,,,
207,"""digital security by design""",.eu,Cyber 2024,5 Jun 2024,https://aeur.eu/f/c9t
208,"""digital security by design""",.eu,Closing Knowledge Gap on Hardware Security,15 Jul 2022,https://www.eetimes.eu/closing-knowledge-gap-on-hardware-security/
209,"""digital security by design""",.eu,,,
210,"""digital security by design""",.eu,,,
211,"""dsbd""",.eu,"Changing Industry Mindset, Practices to Tackle ...",12 Aug 2022,https://www.eetimes.eu/changing-industry-mindset-practices-to-tackle-cybersecurity-flaws/
212,"""dsbd""",.eu,,,
213,"""dsbd""",.eu,Ecosystem Development for Small Enterprise (EDSE),13 Nov 2018,https://www.eeas.europa.eu/sites/default/files/edse_programme_fiche.pdf
214,"""dsbd""",.eu,EU-South Africa Matchmaking Event 2023,24 Oct 2023,https://www.clustercollaboration.eu/content/eu-south-africa-matchmaking-event-2023
215,"""dsbd""",.eu,Was ist eine DSBD Meldung? - BRZ Deutschland GmbH,26 Feb 2024,https://myticket.brz.eu/support/solutions/articles/80001132219-was-ist-eine-dsbd-meldung-
216,"""dsbd""",.eu,,,
217,"""dsbd""",.eu,Picking a CHERI Allocator: Security and Performance ...,by J Bramley,https://andreil.eu/papers/ismm23.pdf
218,"""dsbd""",.eu,annex i: consultation plan table of contents - CIRCABC,21 May 2023,https://circabc.europa.eu/rest/download/108bf2fb-fbe7-43bf-a940-e51f9efe61f5
219,"""dsbd""",.eu,The informal sector and economic growth of South Africa ...,by E Etim,https://www.econstor.eu/bitstream/10419/241520/1/1740771923.pdf
220,"""dsbd""",.eu,GoTriple - Documents,12 Aug 2024,https://www.gotriple.eu/documents?q=(BIC%20geographical%20qualifier)1DFG:%20Germany
221,"""dsbd""",.eu,Zobacz temat - Mk3 - Żółty przekaźnik w małej skrzynce,9 Apr 2017,http://ford-scorpio.eu/forum/viewtopic.php?t=41058&sid=be5fb60c100e3cf10528e347c115f926
222,"""dsbd""",.eu,james_moody - change is possible,9 Oct 2020,http://cipjazz.eu/?tag=james_moody
223,"""dsbd""",.eu,Créer un environnement favorable à l'Économie Sociale et ...,by S Steinman,https://www.econstor.eu/bitstream/10419/246250/1/WP2020-09F.pdf
224,"""dsbd""",.eu,Feedback - John F. Kennedy Assassination Homepage,30 Dec 2009,https://www.jfk-assassination.eu/feedback/index.php
225,"""dsbd""",.eu,,,
226,"""digital security by design""",.com,Digital security by design | Security Journal,by P Radanliev,https://link.springer.com/article/10.1057/s41284-024-00435-3
227,"""digital security by design""",.com,,,
228,"""digital security by design""",.com,Digital Security by Design (DSbD) (@DSbDTech) ...,,https://twitter.com/dsbdtech
229,"""digital security by design""",.com,Technology Access Programme,18 Jan 2022,https://www.us5.list-manage.com/track/click?u=68bdd47429d46bef88c3c9249&id=b16322cbe6&e=06bf24ee7b
230,"""digital security by design""",.com,Security By Design: A Promising Approach to Cybersecurity,8 Jun 2023,https://www.infosecurityeurope.com/en-gb/blog/future-thinking/cybersecurity-by-design.html
231,"""digital security by design""",.com,Digital Security by Design,,https://www.youtube.com/@digitalsecuritybydesign
232,"""digital security by design""",.com,Digital Security by Design,14 May 2023,https://rtegrity.com/digital-security-by-design/
233,"""digital security by design""",.com,Digital Security by Design Software Ecosystem Competition,,https://www.youtube.com/watch?v=Z_9cRDwUk1U
234,"""digital security by design""",.com,Digital Catapult's Post,,https://www.linkedin.com/posts/digital-catapult_the-digital-security-by-design-dsbd-activity-7241431088122720257-nFTW
235,"""digital security by design""",.com,Digital Security by Design,,https://www.youtube.com/playlist?list=PLstyePOvf2d2II83itasv_vGbC3i3DFyM
236,"""digital security by design""",.com,Why Digital Security by Design and why now?,,https://www.youtube.com/watch?v=lzc0fYqtRbM
237,"""digital security by design""",.com,From Secure Foundations to Resilient Futures: The UK's ...,,https://www.youtube.com/watch?v=1_TIap2VTvw
238,"""digital security by design""",.com,Digital Security by Design (DSbD),,https://twitter.com/DSbDTech/status/1791431780316164584
239,"""digital security by design""",.com,Introducing Digital Security by Design - a new initiative making ...,,https://www.youtube.com/watch?v=iW39slwXZn4
240,"""digital security by design""",.com,Digital Security by Design Technology Access Programme ...,,https://www.youtube.com/watch?v=WbInbyJDpVo
241,"""digital security by design""",.com,What is Digital Security by Design? Launch event webinar ...,,https://www.youtube.com/watch?v=CLe4fC1l_HI
242,"""digital security by design""",.com,FreeBSD Foundation and Digital Security by Design (DSbD),3 Apr 2024,https://www.globenewswire.com/news-release/2024/04/03/2856691/0/en/FreeBSD-Foundation-and-Digital-Security-by-Design-DSbD-Announce-Beacon-Award-Winners-for-Innovations-and-Improvements-to-CheriBSD.html
243,"""digital security by design""",.com,Digital Security by Design Four Nations Roadshow Showcase,,https://www.youtube.com/watch?v=1I5aRu0LjnY
244,"""digital security by design""",.com,Digital Security by Design (DSbD),22 Nov 2023,https://x.com/DSbDTech/status/1727352698717282735?lang=eu
245,"""digital security by design""",.com,Launching a ground-breaking digital security brand - Firehaus,8 Dec 2020,https://parrot-dalmatian-hr6m.squarespace.com/work-blog/2020/12/8/launching-a-ground-breaking-digital-security-brand
246,"""digital security by design""",.com,AdaCore Showcase Secure Avionics by Design at CYBERUK,13 May 2024,https://www.adacore.com/press/adacore-showcase-secure-avionics-by-design-at-cyberuk
247,"""digital security by design""",.com,Digital Security by Design (DSbD),12 Jun 2024,https://x.com/DSbDTech/status/1800892823631548828
248,"""digital security by design""",.com,DSbD | ARM - Richard Grisenthwaite on Vimeo,,https://vimeo.com/366246134
249,"""digital security by design""",.com,Pytilia continues Digital Security by Design Journey,14 Oct 2022,https://syncni.com/article/10048/pytilia-continues-digital-security-by-design-journey
250,"""digital security by design""",.com,a discussion on automotive cybersecurity with Siraj Shaikh,9 Nov 2023,https://blogs.sw.siemens.com/tessent/2023/11/09/security-by-design-a-discussion-on-automotive-cybersecurity-with-siraj-shaikh/
251,"""digital security by design""",.com,Innovative Solutions in Cyber Security for Business,15 Jun 2022,https://www.cyberhive.com/innovation/
252,"""digital security by design""",.com,National Cyber Strategy 2022 (HTML),15 Dec 2022,https://dmu.rl.talis.com/link?url=https%3A%2F%2Fwww.gov.uk%2Fgovernment%2Fpublications%2Fnational-cyber-strategy-2022%2Fnational-cyber-security-strategy-2022&sig=a16f4e2a4364724033e1c4532f9aa601dcbbb04bc84fc8f327cd2858027810df
253,"""digital security by design""",.com,Cyber resilience of the UK's critical national infrastructure,16 Sept 2023,https://parliament.us16.list-manage.com/track/click?u=3ad7e4c57a864f07e4db008c4&id=ee5bf5bfe5&e=9a5c843b2f
254,"""digital security by design""",.com,"Digital Security by Design ""all hands"" event highlights",,https://www.youtube.com/watch?v=dxAwPKWFwS8
255,"""digital security by design""",.com,Digital Trust | Thales Group,24 Aug 2018,https://www.thalesgroup.com/en/countries/europe/united-kingdom/markets-we-operate/security-uk/digital-trust
256,"""digital security by design""",.com,Nuala Kilmartin - Innovation Lead - Digital Security by ...,,https://uk.linkedin.com/in/nuala-kilmartin
257,"""digital security by design""",.com,Research - Discribe DSbD,25 Nov 2020,https://discribehub.squarespace.com/research
258,"""digital security by design""",.com,10 companies to test next generation cybersecurity ...,6 Jun 2022,https://www.themanufacturer.com/articles/10-companies-to-test-next-generation-cybersecurity-technologies-from-the-university-of-cambridge-and-arm/
259,"""digital security by design""",.com,ScotlandIS - Cohort 6 of the Digital Security by Design...,,https://m.facebook.com/story.php/?story_fbid=1039483911515726&id=100063623798426
260,"""digital security by design""",.com,Conference Programme,6 Jun 2024,https://www.infosecurityeurope.com/en-gb/conference-programme.html
261,"""digital security by design""",.com,Blog,1 Apr 2024,https://leocybsec.com/blog/
262,"""digital security by design""",.com,AutoCHERI,2 Sept 2022,https://www.applusidiada.com/global/en/about-us/innovation/autocheri-project
263,"""digital security by design""",.com,Latest News | Cyber and Tech Industry,9 Sept 2024,https://www.midlandscyber.com/news/
264,"""digital security by design""",.com,Agata Samojlowicz - International Cyber Expo 2024,2 Sept 2024,https://www.internationalcyberexpo.com/speakers/agata-samojlowicz
265,"""digital security by design""",.com,Arm Morello Program,15 Oct 2019,https://www.arm.com/architecture/cpu/morello
266,"""digital security by design""",.com,,,
267,"""digital security by design""",.com,Blog,14 May 2023,https://rtegrity.com/blog/
268,"""digital security by design""",.com,News – Ioetec Ltd,11 Nov 2022,https://www.ioetec.com/news/
269,"""digital security by design""",.com,Portmeirion - Microsoft Research,13 Jul 2020,https://www.microsoft.com/en-us/research/project/portmeirion/
270,"""digital security by design""",.com,Annual Review 2023,14 Nov 2023,https://bbc01-live-6fb0d1e32b66428194c95d81de11-d007bdd.divio-media.com/filer_public/33/1b/331b1014-7d70-403a-805b-08cfacf971fc/uk_ncsc_annual_review_2023.pdf
271,"""digital security by design""",.com,About the project — Capabilities for Coders documentation,31 Jul 2022,https://capabilitiesforcoders.com/about.html
272,"""digital security by design""",.com,News and Insights,14 Dec 2023,https://beamconnectivity.com/news-and-insights/
273,"""digital security by design""",.com,Capability Hardware Enhanced RISC Instructions (CHERI),15 Sept 2023,http://www.chericpu.com/
274,"""digital security by design""",.com,RealVNC to test Cybersecurity Technologies of the Future ...,7 Jun 2022,https://www.realvnc.com/en/news/realvnc-to-test-cybersecurity-technologies-of-the-future-from-the-university-of-cambridge-and-arm/
275,"""digital security by design""",.com,Vital Topics webinar: The challenges of trust and security amid ...,,https://www.facebook.com/alliancemanchesterbusinessschool/videos/vital-topics-webinar-the-challenges-of-trust-and-security-amid-the-rapid-acceler/826234034983441/
276,"""digital security by design""",.com,An open letter regarding Cyber Resilience of the UK's ...,8 May 2024,https://codasip.com/2024/05/08/an-open-letter-regarding-cyber-resilience-of-the-uks-critical-national-infrastructure/
277,"""digital security by design""",.com,Cyber Security,14 Dec 2023,https://www.drisq.com/cyber-security
278,"""digital security by design""",.com,NCC Group reflections from CYBERUK 2024,21 May 2024,https://www.nccgroup.com/us/ncc-group-reflections-from-cyberuk-2024/
279,"""digital security by design""",.com,Petar Radanliev,11 Oct 2023,https://hermit-reasoner.com/people/petar.radanliev/
280,"""digital security by design""",.com,Security Becoming Core Part Of Chip Design — Finally,7 Dec 2023,https://semiengineering.com/security-becoming-core-part-of-chip-design/
281,"""digital security by design""",.com,Digital Catapult,16 Mar 2023,https://crossfireagency.com/portfolio/digital-catapult-animation-video/
282,"""digital security by design""",.com,National Cyber Security Strategy 2016-2021,31 May 2019,https://pdf4pro.com/cdn/national-cyber-security-strategy-2016-2021-progress-6e69b4.pdf
283,"""digital security by design""",.com,Applying Cybersecurity Technologies to Data Protection,20 Jun 2022,https://www.datacore.com/blog/next-gen-cyber-security-data-protection/
284,"""digital security by design""",.com,Discover why cybersecurity is a hot topic for the security industry,2 Aug 2024,https://benchmarkmagazine.com/discover-why-cybersecurity-is-a-hot-topic-for-the-security-industry/
285,"""digital security by design""",.com,Women in Digital: Elisabetta Zaccaria,22 Oct 2020,https://www.thinkdigitalpartners.com/news/2020/10/22/women-in-digital-elisabetta-zaccaria/
286,"""digital security by design""",.com,"How does £36m sound, mon CHERI? UK.gov pumps cash ...",18 Oct 2019,https://www.theregister.com/2019/10/18/arm_security_by_design_research/
287,"""digital security by design""",.com,The new CHERI-enabled Morello boards - SRI International,15 Mar 2022,https://www.sri.com/press/innovation/the-new-cheri-enabled-morello-boards-entirely-new-hardware-making-it-harder-for-bad-actors-to-access-our-data/
288,"""digital security by design""",.com,Cybersecurity in a Digital Era,1 Jun 2020,https://www.mckinsey.com/~/media/mckinsey/business%20functions/risk/our%20insights/cybersecurity%20in%20a%20digital%20era/cybersecurity%20in%20a%20digital%20era.pdf
289,"""digital security by design""",.com,MetaCompliance,22 Oct 2017,https://www.cybersecurityintelligence.com/metacompliance-998.html
290,"""digital security by design""",.com,News & Blog,10 Sept 2024,https://goldilock.com/news-blog
291,"""digital security by design""",.com,The effect of IT security issues on the implementation ...,by MF Arroyabe,https://www.sciencedirect.com/science/article/pii/S0040162523007369
292,"""digital security by design""",.com,Regulating Data Privacy and Cybersecurity - Lam - 2023,by WMW Lam,https://onlinelibrary.wiley.com/doi/full/10.1111/joie.12316
293,"""digital security by design""",.com,UK,15 Nov 2020,https://www.hooklee.com/academia@UK.asp
294,"""digital security by design""",.com,"The FreeBSD Foundation, in partnership with Innovate UK ...",,https://www.instagram.com/freebsd_foundation/p/C5TmRwcuK6j/?locale=sl
295,"""digital security by design""",.com,First winners in £10m fund for new cybersecurity tools ...,10 Jun 2020,https://guernseypress.com/news/uk-news/2020/06/10/first-winners-in-10m-fund-for-new-cybersecurity-tools-announced/
296,"""digital security by design""",.com,Cyber Security 2024 | FutureScot,3 Sept 2024,https://futurescot.com/futurescot-conferences/cyber-security-2024/
297,"""digital security by design""",.com,What we can do,9 Feb 2020,https://www.mca-ltd.com/services.php
298,"""digital security by design""",.com,In the press Archive,21 Nov 2022,https://katlastechnology.com/in-the-press/
299,"""digital security by design""",.com,Arm to Deliver CHERI-based Prototype to Tackle Security ...,28 Oct 2019,https://www.eetimes.com/arm-to-deliver-cheri-based-prototype-to-tackle-security-threats/
300,"""digital security by design""",.com,Latest news and insights - ExactTrak,15 Jul 2024,https://www.exacttrak.com/exacttrak-in-the-spotlight/
301,"""digital security by design""",.com,New £1 billion strategy for UK's semiconductor sector,19 May 2023,https://go.nature.com/3Pf0x1m
302,"""digital security by design""",.com,Drivers and barriers for secure hardware adoption across ...,by A Tomlinson,https://academic.oup.com/cybersecurity/article/8/1/tyac009/6656148
303,"""digital security by design""",.com,Six cyber security holes you need to plug now,29 Jul 2022,https://www.itpro.com/security/cyber-security/368543/six-cyber-security-holes-you-need-to-plug-now
304,"""digital security by design""",.com,Agenda - International Cyber Expo 2024,6 Sept 2024,https://www.internationalcyberexpo.com/agenda
305,"""digital security by design""",.com,White House Urges Tech Industry to Eliminate Memory ...,26 Feb 2024,https://www.infosecurity-magazine.com/news/white-house-tech-memory/
306,"""digital security by design""",.com,Arm releases CHERI-based Morello board to explore next-gen ...,21 Jan 2022,https://www.embedded.com/arm-releases-cheri-based-morello-board-to-explore-next-gen-security/
307,"""digital security by design""",.com,Secure Software and Cybersecurity Advances Take Centre ...,23 Aug 2024,https://aerospace-innovations.com/secure-software-and-cybersecurity-advances-take-centre-stage-at-hisc/
308,"""digital security by design""",.com,Sitemap - LeoCybSec,30 Jun 2024,https://leocybsec.com/sitemap/
309,"""digital security by design""",.com,National Semiconductor Strategy,19 May 2023,https://afxchamber.networkreach.com/apps/production/arkflux/email-designer/processing/email.url.shortener.php?linkId=3e1f072b17f4ec3bccbe8ba488683454aa219629&id=1046-6475cdf1bc0ef
310,"""digital security by design""",.com,Can this new prototype put an end to cyberattacks?,23 Apr 2023,https://www.techradar.com/news/can-this-new-prototype-put-an-end-to-cyberattacks
311,"""digital security by design""",.com,Digital Security by Design,,https://m.youtube.com/shorts/223idjDA-8Y
312,"""digital security by design""",.com,How tech can help accountants offer more to their clients,,https://medium.com/iscf/the-next-generation-accountant-how-tech-can-help-accountants-offer-more-to-their-clients-54d11df2ac3b
313,"""digital security by design""",.com,First winners in £10m fund for new cybersecurity tools ...,10 Jun 2020,https://jerseyeveningpost.com/morenews/uknews/2020/06/10/first-winners-in-10m-fund-for-new-cybersecurity-tools-announced/
314,"""digital security by design""",.com,Codasip delivers processor security to actively prevent ...,31 Oct 2023,https://codasip.com/press-release/2023/10/31/codasip-delivers-processor-security-to-actively-prevent-cyberattacks/
315,"""digital security by design""",.com,Cybersecurity Resilience in SMEs. A Machine Learning ...,by JC Fernandez de Arroyabe,https://www.tandfonline.com/doi/full/10.1080/08874417.2023.2248925
316,"""digital security by design""",.com,technology films - photography,23 Feb 2021,https://www.bluefirefilms.com/technology
317,"""digital security by design""",.com,Sponsors - State of Open Conference 25,9 Dec 2022,https://stateofopencon.com/sponsors/
318,"""digital security by design""",.com,Connected car cybersecurity in the era of new regulation,10 Oct 2019,https://www.mckinsey.com/industries/automotive-and-assembly/our-insights/the-race-for-cybersecurity-protecting-the-connected-car-in-the-era-of-new-regulation
319,"""digital security by design""",.com,Paul Butcher,12 Dec 2019,https://blog.adacore.com/author/butcher
320,"""digital security by design""",.com,Dr. Kubilay Ahmet Küçük (www.kuc.uk),18 Apr 2023,https://hermit-reasoner.com/people/dr.kucuk/
321,"""digital security by design""",.com,Verified Security for the Morello Capability-enhanced ...,by T Bauereiss,https://link.springer.com/chapter/10.1007/978-3-030-99336-8_7
322,"""digital security by design""",.com,Speaking - Amanda Brock,12 Jul 2023,https://amandabrock.com/speaking/
323,"""digital security by design""",.com,6 Cybersecurity Holes You Need to Plug Now,8 Mar 2023,https://www.bylinebank.com/insights/six-cybersecurity-holes-you-need-to-plug-now/
324,"""digital security by design""",.com,UK government gives £36 million to Arm to develop secure chips,24 Oct 2019,https://www.csoonline.com/article/567899/uk-government-gives-36-million-to-arm-to-develop-secure-chips.html
325,"""digital security by design""",.com,Crowdstrike Incident Is A Wake Up Call for Security,25 Jul 2024,https://www.eetimes.com/podcasts/crowdstrike-incident-is-a-wake-up-call-for-security/
326,"""digital security by design""",.com,ARM ships ground-breaking Morello secure processor ...,14 Jan 2022,https://www.eenewseurope.com/en/arm-ships-ground-breaking-morello-secure-processor-board/
327,"""digital security by design""",.com,,,
328,"""dsbd""",.com,Technology Access Programme,18 Jan 2022,https://www.us5.list-manage.com/track/click?u=68bdd47429d46bef88c3c9249&id=b16322cbe6&e=06bf24ee7b
329,"""dsbd""",.com,,,
330,"""dsbd""",.com,Digital Security by Design (DSbD) (@DSbDTech) ...,,https://twitter.com/dsbdtech
331,"""dsbd""",.com,Research - Discribe DSbD,25 Nov 2020,https://discribehub.squarespace.com/research
332,"""dsbd""",.com,Digital Catapult's Post,,https://www.linkedin.com/posts/digital-catapult_the-digital-security-by-design-dsbd-activity-7241431088122720257-nFTW
333,"""dsbd""",.com,Team - Discribe DSbD,14 May 2021,https://discribehub.squarespace.com/advisory-board
334,"""dsbd""",.com,Digital Security by Design (DSbD),,https://twitter.com/DSbDTech/status/1749464520731271349
335,"""dsbd""",.com,Department of Small Business Development (DSBD),7 Jun 2017,https://track-mb.bra2hmail.com/click/qn227f4n0o5da/60ffe0f2eb8cc945d68bffb8/e2d35019deb39a27027769638237d5d737dcbd9f
336,"""dsbd""",.com,Department of Small Business Development (@DSBD_SA ...,20 Aug 2024,https://x.com/dsbd_sa
337,"""dsbd""",.com,DSBD at the forefront to transform informal businesses into ...,,https://www.facebook.com/DepartmentOfSmallBusinessDevelopment/videos/dsbd-at-the-forefront-to-transform-informal-businesses-into-productive-business-/276059437714226/
338,"""dsbd""",.com,Department of Small Business Development | Pretoria,,https://www.facebook.com/DepartmentOfSmallBusinessDevelopment/
339,"""dsbd""",.com,Department of Small Business Development (DSBD),,https://www.youtube.com/@DSBD_SA
340,"""dsbd""",.com,Protein Disulfide Exchange by the Intramembrane ...,by JH Bushweller,https://www.sciencedirect.com/science/article/pii/S0022283620302862
341,"""dsbd""",.com,TODAY | DSBD celebrated successes of women-owned ...,,https://www.facebook.com/DepartmentOfSmallBusinessDevelopment/videos/dsbd-at-work/1225033661971980/
342,"""dsbd""",.com,DSbD Technology Access Programme Demo Day,,https://www.youtube.com/watch?v=0cJwoJpnv8Q
343,"""dsbd""",.com,NapB Restores cytochrome c biosynthesis in bacterial ...,by K Guo,https://www.nature.com/articles/s42003-022-03034-3
344,"""dsbd""",.com,Two-Piece | DSBD meets CABD at a show you won't want ...,,https://www.instagram.com/twopiecedsbd/p/C2vJDBYJY1h/
345,"""dsbd""",.com,Transmembrane Electron Transfer by the Membrane ...,by F Katzen,https://www.sciencedirect.com/science/article/pii/S009286740000180X
346,"""dsbd""",.com,Digital Security by Design,18 Jan 2022,https://www.youtube.com/channel/UCH30wTzZxep3SfxgSdCM0mw/videos
347,"""dsbd""",.com,,,
348,"""dsbd""",.com,Department of Small Business Development | WATCH | DSBD ...,,https://www.instagram.com/dsbd_sa/reel/C_SF43TNRF-/
349,"""dsbd""",.com,Digital Security by Design Software Ecosystem Competition,,https://www.youtube.com/watch?v=Z_9cRDwUk1U
350,"""dsbd""",.com,FreeBSD Foundation and Digital Security by Design (DSbD),3 Apr 2024,https://www.globenewswire.com/news-release/2024/04/03/2856691/0/en/FreeBSD-Foundation-and-Digital-Security-by-Design-DSbD-Announce-Beacon-Award-Winners-for-Innovations-and-Improvements-to-CheriBSD.html
351,"""dsbd""",.com,DSBD Soft - Your IT Solution,23 Jan 2021,https://dsbdsoft.com/
352,"""dsbd""",.com,[WATCH] All systems go in Mpumalanga province ahead of ...,,https://m.facebook.com/DepartmentOfSmallBusinessDevelopment/videos/watch-all-systems-go-in-mpumalanga-province-ahead-of-dsbd-ministerial-handover-o/881922203854172/
353,"""dsbd""",.com,DSbD | ARM - Richard Grisenthwaite on Vimeo,,https://vimeo.com/366246134
354,"""dsbd""",.com,Recombinant Escherichia coli O6:K15:H31 Thiol:disulfide ...,26 Sept 2017,https://www.cusabio.com/Transmembrane-Protein/Recombinant-Escherichia-coli-O6%3AK15%3AH31-Thiol%3Adisulfide-interchange-protein-DsbDdsbD-11151715.html
355,"""dsbd""",.com,The Department of Small Business Development (DSBD) is ...,,https://www.instagram.com/dsbd_sa/p/C7CAvYEtDyu/
356,"""dsbd""",.com,Department of Small Business Development | [VIDEO] DSBD ...,,https://www.instagram.com/dsbd_sa/reel/C_SEdWRts66/
357,"""dsbd""",.com,Department of Small Business Development (DSBD),,https://za.linkedin.com/in/department-of-small-business-development-dsbd-a56670253
358,"""dsbd""",.com,AutoCHERI,2 Sept 2022,https://www.applusidiada.com/global/en/about-us/innovation/autocheri-project
359,"""dsbd""",.com,Arm Morello Program,15 Oct 2019,https://www.arm.com/architecture/cpu/morello
360,"""dsbd""",.com,Two-Piece - DSBD (NEW MUSIC VIDEO 2019),,https://www.youtube.com/watch?v=1P0OOQKQdZw
361,"""dsbd""",.com,AdaCore Showcase Secure Avionics by Design at CYBERUK,13 May 2024,https://www.adacore.com/press/adacore-showcase-secure-avionics-by-design-at-cyberuk
362,"""dsbd""",.com,Latest news and insights - ExactTrak,15 Jul 2024,https://www.exacttrak.com/exacttrak-in-the-spotlight/
363,"""dsbd""",.com,Innovative Solutions in Cyber Security for Business,15 Jun 2022,https://www.cyberhive.com/innovation/
364,"""dsbd""",.com,NapB Restores cytochrome c biosynthesis in bacterial ...,by K Guo,https://search.ebscohost.com/login.aspx?direct=true&profile=ehost&scope=site&authtype=crawler&jrnl=23993642&AN=154817554&h=zcLdYorhq4XiUiD13GXrWT2Z4xVbvkrNPwSSStaJlEf7sSqL3fKZKRPH0nrOu8ZCMrSuEUQH28GCsZ7UX5Podg%3D%3D&crl=c
365,"""dsbd""",.com,Characterization of DsbD in <i>Neisseria meningitidis</i>,24 Jan 2011,https://onlinelibrary.wiley.com/doi/pdf/10.1111%2Fj.1365-2958.2011.07546.x
366,"""dsbd""",.com,Datensatz Betriebsdatenpflege,16 Mar 2023,https://www.vdek.com/vertragspartner/arbeitgeber/deuev/_jcr_content/par/download_340380485/file.res/DSBD.pdf
367,"""dsbd""",.com,ANNEXURE Q DEPARTMENT OF SMALL BUSINESS ...,14 Aug 2023,https://www.youthopportunitieshub.com/wp-content/uploads/2023/07/26-circular26-2023-111-114.pdf
368,"""dsbd""",.com,Pytilia continues Digital Security by Design Journey,14 Oct 2022,https://syncni.com/article/10048/pytilia-continues-digital-security-by-design-journey
369,"""dsbd""",.com,Orlando popped off tonight DSBD IN FULL FORCE | By Two ...,,https://www.facebook.com/twopiecedsbd/videos/orlando-popped-off-tonight-dsbd-in-full-force/727236627741507/
370,"""dsbd""",.com,Department of Small Business Development | [VIDEO] DSBD ...,,https://www.instagram.com/reel/C_SEdWRts66/?locale=%25E4%25B8%2593%25E4%25B8xels.com%2Fsea40buth2788%25E3%2580%2597PmWX4&hl=en
371,"""dsbd""",.com,The future of trusted computers - DSbD Belfast Roadshow,,https://www.youtube.com/watch?v=1OHrSGz2Jss
372,"""dsbd""",.com,Expedited-Permitting.pdf,1 May 2021,https://www.enterpriseflorida.com/wp-content/uploads/Expedited-Permitting.pdf
373,"""dsbd""",.com,"Ram 2500 2014-2024 Dodge 4WD (w/3"" of lift ...",30 Aug 2023,https://www.jackit.com/car-cs-dsbd-14.html?srsltid=AfmBOop3Nx9MnMMOUC7yb66qaba-ybPv9mju1h0FyH9vY9TvPOg1KPKR
374,"""dsbd""",.com,DSBD by Two-Piece : r/Hardcore,,https://www.reddit.com/r/Hardcore/comments/1fahj4z/dsbd_by_twopiece/
375,"""dsbd""",.com,role of Dsb proteins of Gram-negative bacteria in the process ...,by AM Łasica,https://academic.oup.com/femsre/article/31/5/626/2367801
376,"""dsbd""",.com,Firmenname wird im Datensatz DSBD nicht vollständig ...,17 Jul 2020,https://userapps.support.sap.com/sap/support/knowledge/de/1848391
377,"""dsbd""",.com,Department of Small Business Development (DSBD),1 Aug 2023,https://www.graduates24.com/jobs/viewjob/8518
378,"""dsbd""",.com,14-24 ram 2500/3500 4x4 stock sway bar drop bracket – 3.25,31 Mar 2014,https://www.carlisuspension.com/product/dodge/dodge-ram-2500-3500/ram-components/13-18-3500-components/dodge-2014-3-front-sway-bar-drop-brackets/
379,"""dsbd""",.com,NapB Restores cytochrome c biosynthesis in bacterial ...,by G Kailun,https://search.proquest.com/openview/9e3e6ad8d63537724c65a611abf68b2c/1.pdf?pq-origsite=gscholar&cbl=4669726
380,"""dsbd""",.com,Two-Piece – D​.​S​.​B​.​D. Lyrics,31 Jul 2019,https://genius.com/Two-piece-dsbd-lyrics
381,"""dsbd""",.com,Claude Heath,15 Apr 2019,https://scholar.google.com/citations?user=sV_2V68AAAAJ&hl=en
382,"""dsbd""",.com,DSDB | Your journey to a more productive workspace starts ...,,https://www.instagram.com/d_studios/reel/C6dS89YrPfE/
383,"""dsbd""",.com,Risk and Audit Committee - Agenda Item 6a,14 Sept 2021,https://www.nakedcapitalism.com/wp-content/uploads/2023/06/00-9.14.21-Risk-and-Audit-Death-Benefit-Overpayment-item6a-00_a.pdf
384,"""dsbd""",.com,DSBD at the forefront in Women's Parliament | By Department ...,,https://www.facebook.com/DepartmentOfSmallBusinessDevelopment/videos/dsbd-at-the-forefront-in-womens-parliament/470896606823232/
385,"""dsbd""",.com,ezingeni security (maxwell lewis & sabelo sibisi),,https://soundcloud.com/propertypoint/property-point-and-dsbd-ezingeni-security-maxwell-lewis-sabelo-sibisi
386,"""dsbd""",.com,Professor Mohammed Al Abadie,7 Jul 2022,https://www.healthharmonie.com/clinical-lead/professor-mohammed-al-abadie-
387,"""dsbd""",.com,Strengthen the foundations and make the world more secure ...,,https://www.youtube.com/watch?v=Jy13mhnhFwo
388,"""dsbd""",.com,Sunburst project,28 Oct 2023,https://sunburst-project.com/
389,"""dsbd""",.com,Disulfide-Bond Isomerase Recombinant - DsbC,13 May 2009,https://www.prospecbio.com/disulfide_bond_isomerase
390,"""dsbd""",.com,EU-South Africa Matchmaking Event 2023,24 Oct 2023,https://click.mailerlite.com/link/c/YT0yMjQyMjQ2OTU1OTMxNTM5OTE1JmM9ZTFuNCZiPTExNjA4NTA2NTgmZD1qNXE2YTZx.6ssfwLzSeT4nLI9zSU4vHguEfPpUWqrcshPq_cRjsFs
391,"""dsbd""",.com,Pain lvl 12/10 #tattoos #dsbd #ribtattoo,,https://www.tiktok.com/@quinzilla25/video/7291048454435163438
392,"""dsbd""",.com,Instagram,,https://www.pinterest.com/pin/dunsinwright-dsbd--468515167469756732/
393,"""dsbd""",.com,BDDEUV: Hilfestellung zum Customizing und Prozess des ...,3 May 2024,https://userapps.support.sap.com/sap/support/knowledge/en/3192185
394,"""dsbd""",.com,Mbekwenii Braai Café cooperative fails to light any fires,21 hours ago,https://www.news24.com/news24/community-newspaper/paarlpost/mbekwenii-braai-cafe-cooperative-fails-to-light-any-fires-20240920
395,"""dsbd""",.com,some idols i wish they never dsbd:///#kpop #GameTok ...,,https://www.tiktok.com/@staysomnia/video/7144312835743534342?lang=cs-CZ
396,"""dsbd""",.com,lowRISC/sonata-system,18 Dec 2023,https://github.com/lowRISC/sonata-system
397,"""dsbd""",.com,Establishment of small business advisory body approved,22 Aug 2024,https://www.bizcommunity.com/article/establishment-of-small-business-advisory-body-approved-580880a
398,"""dsbd""",.com,"Challenges, barriers and policy development for South ...",by A Botha,https://www.tandfonline.com/doi/full/10.1080/0376835X.2020.1732872
399,"""dsbd""",.com,Launch of SA's biggest online showcase of craft and design,28 Feb 2017,https://ccdi.site-ym.com/news/332982/Launch-of-SAs-biggest-online-showcase-of-craft-and-design.htm
400,"""dsbd""",.com,Digital Security by Design,14 May 2023,https://rtegrity.com/digital-security-by-design/
401,"""dsbd""",.com,No sound using Delphi and DirectX on Windows 10,,https://stackoverflow.com/questions/73690314/no-sound-using-delphi-and-directx-on-windows-10
402,"""dsbd""",.com,Department of Small Business Development: Internships ...,3 Oct 2023,https://www.graduates24.com/jobs/viewjob/8822
403,"""dsbd""",.com,BBC Webinar with DSBD and Mark Barnes | Localisation ...,,https://www.facebook.com/BlackBCouncil/videos/bbc-webinar-with-dsbd-and-mark-barnes/647707055867083/
404,"""dsbd""",.com,2015 Meiji Yasuda J1 League 1St Stage Winners Urawa ...,21 Jun 2016,https://www.amazon.com/Soccer-Yasuda-Winners-Diamonds-DSBD-185/dp/B014EXCBWS
405,"""dsbd""",.com,TWO-PIECE - DSBD REACTION!!!,,https://www.youtube.com/watch?v=nX6ezpUfx3I
406,"""dsbd""",.com,Listepreselectionconcours Master DSBD 2023 Finale | PDF,30 Jul 2023,https://fr.scribd.com/document/661457331/listepreselectionconcours-Master-DSBD-2023-finale
407,"""dsbd""",.com,DSBD: Pendahuluan Sains Data dan Big Data,26 Jan 2023,https://taudata.blogspot.com/p/dsbd-pendahuluan-sains-data-dan-big-data.html
408,"""dsbd""",.com,Funding for small business development,14 Aug 2017,https://247searches.com/showme?id=bb98bb88-bd8a-4951-a951-e63bb1f0176a&url=https%3A%2F%2Fwww.vukuzenzele.gov.za%2Ffunding-small-business-development&uh=AZVEP0NzFvWJ8dhVelPb8ID4P0HQ3bMBe1NGYB7G4wo%3D&type=du&pos=1&idx=10&requestId=bafc94f4-7952-414b-a839-191cc52df6f8&text=Funding+for+small+business+development+%7C+Vuk%26%2339%3Buzenzele&providerId=b78c51ed-ccfa-48c2-af85-2c46d9207fae&pbts=1722733175&du=www.vukuzenzele.gov.za%2Ffunding-small-business-development
409,"""dsbd""",.com,#westcostchopper #chopper #diamondshinecustoms #HD ...,,https://www.tiktok.com/@diamondshinecustoms/video/7060633800610467074
410,"""dsbd""",.com,Inquiry,15 Apr 2024,https://www.dsbdorigins.com/about-us/inquiry
411,"""dsbd""",.com,TSP1995,6 Mar 2016,https://theshackproject.com/tsp1995/
412,"""dsbd""",.com,ANNEXURE O THE DEPARTMENT OF SMALL BUSINESS ...,21 Apr 2023,https://www.youthopportunitieshub.com/wp-content/uploads/2023/04/12-public_service_vacancy_circular_0-65-68.pdf
413,"""dsbd""",.com,Grateful Dead Live at Oakland-Alameda County Coliseum ...,13 May 2004,https://headyversion.com/show/1850/archive/
414,"""dsbd""",.com,About 1,24 Mar 2018,https://www.designbydiamond.com/about
415,"""dsbd""",.com,Venezuela's Gonzalez says he was forced to sign letter ...,2 days ago,https://www.straitstimes.com/world/europe/venezuelas-gonzalez-says-he-was-forced-to-sign-letter-accepting-court-ruling-of-maduro-victory
416,"""dsbd""",.com,Afrika Corps,13 Jan 2018,https://www.pinterest.com/pin/314337248985032706/
417,"""dsbd""",.com,DSBD Perspective on the Proposed Red Tape Impact ...,15 Feb 2017,https://slideplayer.com/slide/17820287/
418,"""dsbd""",.com,The handover of business tools and equipment is part of the ...,,https://www.facebook.com/DepartmentOfSmallBusinessDevelopment/videos/the-handover-of-business-tools-and-equipment-is-part-of-the-imedp-programme-a-na/1500131990857850/
419,"""dsbd""",.com,Listeconcours Master DSBD 2023 Finale-F | PDF,6 Sept 2023,https://fr.scribd.com/document/668346299/listeconcours-Master-DSBD-2023-finale-f-1
420,"""dsbd""",.com,D.S.B.D.,,https://www.youtube.com/watch?v=ua8KfvifZMU
421,"""dsbd""",.com,Bowtie Drive-In 18 x 26 1 2 print by David Snyder,16 Jun 2013,https://www.yearone.com/Product/automobilia/dsbd?srsltid=AfmBOorhB3uewBQqTVufn5gFv_ZkEtRuN5LdzacNqPruYuxdUlE5DR7m
422,"""dsbd""",.com,National Business Licensing Policy: Comments invited,1 Mar 2024,https://agrisa.us21.list-manage.com/track/click?u=62e6523047a1638d623036aeb&id=802be23174&e=f4994f58ff
423,"""dsbd""",.com,Jon Edlund fra DSBD : r/InfluencergossipDK,,https://www.reddit.com/r/InfluencergossipDK/comments/1ao7gs5/jon_edlund_fra_dsbd/
424,"""dsbd""",.com,Les cloches de Noël 🔔 retentissent deja !!!Ce samedi 7 ...,,https://www.tiktok.com/@moveanddance.dsbd/video/7286782664495926561
425,"""dsbd""",.com,Two-Piece Lyrics,1 Dec 2022,https://genius.com/Two-piece-two-piece-lyrics
426,"""dsbd""",.com,Mc M International Presented by DSBD,,https://www.youtube.com/watch?v=Y5QrnFjO1A8
427,"""dsbd""",.com,moveanddance.dsbd,,https://www.tiktok.com/@moveanddance.dsbd
428,"""dsbd""",.com,Listen to Think by mmwshackproject in mmw1996-04-09 playlist ...,9 Apr 1996,https://soundcloud.com/mmwshackproject/think-26?in=mmwshackproject/sets/mmw1996-04-09
429,"""dsbd""",.com,,,
